Keywword,Score
bike,0.010958802329295235
year,0.015946027506760684
madone,0.02069590543891682
carbon,0.022728481663247046
design,0.022728481663247046
purchased,0.023452189182538153
plan,0.023452189182538153
caught,0.023452189182538156
rain,0.023452189182538156
slr,0.02623736574572897
