Keywword,Score
bike,0.011536521232651307
ride,0.01316672157790824
slr,0.013416696514227375
mph,0.01862839502917375
great,0.01862839502917375
back,0.02125739932090578
grade,0.024441836569982993
wheels,0.025239816304520175
emonda,0.025239816304520175
shop,0.025239816304520175
