Keywword,Score
bike,0.012738489309002583
light,0.013960115547801643
stiff,0.01505108386476739
frame,0.016177339911911975
good,0.017398114803068493
weight,0.02130075512184187
paint,0.022133850418312673
feel,0.02616702525930031
ride,0.026237536201805592
job,0.026793017835178286
