Keywword,Score
light,0.00365948158505143
great,0.003996705924070078
frame,0.004287097278239813
bike,0.0045400969187741474
ride,0.004796173186127485
stiff,0.005022878302775042
fast,0.006159276851981225
comfortable,0.0067579145174289975
carbon,0.0067579145174289975
ultegra,0.007844261042211366
