Keywword,Score
bike,0.0011733586870799136
products,0.0014418150455140998
trek,0.0015204331768568023
madone,0.0015361810637672525
similar,0.0023288933410674836
ride,0.0024161904537792936
wheels,0.0033164885819123467
frame,0.0037869715710522303
series,0.0041223112794669635
paint,0.0045970743875536554
