Keywword,Score
bike,0.00021890987938928997
trek,0.00046835682380063444
products,0.0006048919761502943
frame,0.0008094261877117214
similar,0.0008098061602935248
ride,0.0008991506057536036
great,0.0013014343756436388
carbon,0.0013355672931235718
madone,0.0014586815173248775
good,0.0016316079524061858
