Keywword,Score
stiff,0.011990956459286165
carbon,0.011990956459286165
great,0.014392562563777005
paint,0.014661398865337013
frame,0.0171018826056408
light,0.01771757469070277
andromeda,0.02012563268767723
bike,0.02108158239663755
comfortable,0.023368042563265932
power,0.02493823745060694
