Keywword,Score
stiff,0.006395474324856197
light,0.009387293475144245
great,0.010847326911093963
ride,0.011130453845924362
bike,0.01219602976627021
smooth,0.01652287593258094
weight,0.01775147400442059
climbing,0.01775147400442059
comfortable,0.019960399161206895
quality,0.019960399161206895
