Keywword,Score
bike,8.210178513423449e-05
trek,0.0002574438427672886
products,0.0002888232754640698
ride,0.00037200158948088837
madone,0.0003840067116683696
similar,0.0003977944605481593
road,0.00044385732615232474
great,0.0006503744740839309
carbon,0.0007573776756359884
frame,0.0008597252216795522
