Keywword,Score
bike,0.0010292595585420993
products,0.0015762375931662887
ride,0.001958249479856219
similar,0.0023715598348404876
pilot,0.0029140222946814455
carbon,0.003146208494048381
trek,0.003148495795884274
comfortable,0.0033634103849099497
great,0.003996995110290377
miles,0.004330078036147909
