Keywword,Score
bike,0.0017953175278337446
products,0.0026386872369126573
similar,0.0036685512306090366
trek,0.00491046205001748
carbon,0.005494996355610023
great,0.0056752661120550345
ride,0.006714340374486833
bikes,0.007405684802314197
frame,0.007647146984830903
love,0.00996373345975823
