Keywword,Score
light,0.021868401282171903
great,0.022447149042531835
climbing,0.03526066302775749
acceleration,0.04063602815639125
frame,0.04063602815639125
paint,0.05469186627473866
weight,0.05469186627473866
project,0.05469186627473866
smooth,0.05469186627473866
ride,0.05469186627473866
