Keywword,Score
smooth,0.002747130352497028
ride,0.0027760514113289903
great,0.0032439555447928625
bike,0.0036028284105754558
frame,0.004219923822279606
light,0.00453505217867966
fast,0.005242566400257637
climbs,0.005946377869662448
components,0.006360566668133531
good,0.007448678036308624
