Keywword,Score
light,0.03808902514872951
ultegra,0.0650006815754585
wheels,0.0650006815754585
smooth,0.0650006815754585
models,0.08182816996942335
stiff,0.10818059626824811
fast,0.10818059626824811
high,0.10818059626824811
quality,0.10818059626824811
frame,0.10818059626824811
