Keywword,Score
bike,0.0002585289131427004
products,0.0007404543755671468
road,0.0009219969476760373
similar,0.0009327538590775061
great,0.001263513629303572
seat,0.001419912927974291
front,0.0015223268383659388
trek,0.0021023009648214607
bikes,0.002234428463590482
ride,0.0022797694067345493
