Keywword,Score
suspension,0.04393187965583576
ride,0.049096510089436614
quality,0.051725950886422886
seat,0.05407466424659411
bike,0.05875850047464374
comfortable,0.06652711159984642
ultegra,0.06652711159984642
carbon,0.06652711159984642
good,0.06652711159984642
durable,0.08317962830706054
