Keywword,Score
bike,0.021221733443239715
fast,0.021380634755168056
good,0.02525233070101304
fork,0.025362068483813227
carbon,0.025362068483813227
road,0.0315654133762663
great,0.03212820646146491
frame,0.03916536586688781
light,0.03916536586688781
price,0.05324412199198448
