Keywword,Score
ride,0.07774927108912792
great,0.07774927108912792
light,0.09480980629981492
responsive,0.09480980629981492
smooth,0.09480980629981492
comfortable,0.09480980629981492
made,0.09480980629981492
nice,0.09480980629981492
bike,0.09480980629981492
good,0.09480980629981492
