Keywword,Score
bike,0.009992582013010941
trek,0.011504491646022273
allez,0.01957775729865199
problem,0.021323875427231798
frame,0.021323875427231798
cycling,0.02520172982968752
road,0.02520172982968752
bit,0.027698119640175736
good,0.027698119640175736
price,0.027698119640175736
