Keywword,Score
bike,0.0011459459814339862
frame,0.0011939744433522334
great,0.0013622591973793258
ultegra,0.0013798644649568941
components,0.0016366314039479293
price,0.0018495552012537558
good,0.001938164724473074
carbon,0.002078127769391031
fork,0.0022099644693283635
nice,0.0028916200749278444
