Keywword,Score
carbon,0.00883817953972537
good,0.009213277157604338
great,0.009521405400637088
bike,0.009832852372846269
price,0.010417500228372659
frame,0.010903611704171045
seat,0.011350107042969078
components,0.012139348602674604
light,0.012889968044160734
ultegra,0.01660467457742928
