Keywword,Score
bike,0.0006919733717364398
products,0.0015577965774136648
brakes,0.001598679527542464
ride,0.001747911792310895
madone,0.0018630492464763527
trek,0.0020065995225434416
similar,0.0020447029412624528
great,0.0026279183010236053
wheels,0.0032866559342619186
miles,0.0042117287820992375
