Keywword,Score
ride,0.021179198629710173
smooth,0.026980384541811387
great,0.030247919908332623
comfortable,0.030247919908332623
stiff,0.030247919908332623
bottom,0.03248727653106114
light,0.03709987581172858
bracket,0.04348837442282859
solid,0.05091302626791529
wheels,0.05091302626791529
