Keywword,Score
bike,0.00119495515417779
madone,0.0017410507498458213
trek,0.00187164107971624
products,0.00217979166873381
ride,0.0022106260038611187
similar,0.0028166597150140055
pro,0.004451858731208247
seat,0.004570120381509146
frame,0.004752849547961421
fit,0.005441160671476747
