Keywword,Score
bike,0.0015763008237458193
trek,0.0017716401521935875
products,0.0018775004282497866
carbon,0.0020945495035637127
frame,0.002999244147917531
madone,0.0031171202134749653
ride,0.0031263238105088695
similar,0.003203633725540358
dura,0.00351264536456087
ace,0.00351264536456087
