Keywword,Score
stiff,0.011554480654486924
great,0.012037048763021689
frame,0.0131814679833973
light,0.013891617887223743
comfortable,0.013913408333228804
speed,0.01528159049568124
ultegra,0.016538702193197415
bike,0.018211128129305233
fast,0.018533979318021587
good,0.020241445500330434
