Keywword,Score
ride,0.0182117480935008
smooth,0.0185299765021519
light,0.020937596559996174
great,0.02755548085176923
bike,0.02755548085176923
components,0.02755548085176923
road,0.03184801118764651
nice,0.03184801118764651
comfortable,0.03184801118764651
handles,0.03445838916828166
