Keywword,Score
bike,0.00027270111425161335
products,0.0009441971709630935
similar,0.001401567735133951
trek,0.0014246550283092067
ride,0.0014543343105996546
frame,0.0019762919631107403
wheels,0.0019836311774255426
feel,0.0020854530960948653
road,0.0021995531725237222
miles,0.002204034641583936
