Keywword,Score
bike,0.0014342148536109025
road,0.0020194865014670723
products,0.002388147168705544
similar,0.004031070561011444
trek,0.0042304440047608504
carbon,0.004569251503425055
pedals,0.004854735677975821
frame,0.0049886944523565594
riding,0.005666359511149104
pilot,0.006334215301550958
