Keywword,Score
carbon,0.01726212351796951
seat,0.019487835877231893
good,0.027294299431988127
bike,0.027294299431988127
fork,0.02745851927672988
light,0.03028729188391538
upright,0.031017200083878933
fast,0.03469756348494484
lot,0.04135626677850524
position,0.04194733273990606
