Keywword,Score
bike,8.779448272837722e-05
products,0.000201280128949779
trek,0.0002187673760441031
ride,0.00029464705837105635
similar,0.0003133730048800015
frame,0.0003347983313336546
bikes,0.0005127995922998397
great,0.0005326926528208501
road,0.0005401970727549514
carbon,0.0005758354884633476
