Keywword,Score
position,0.034917320152375295
comfort,0.03503116971197914
bike,0.038250176041641736
ride,0.038250176041641736
comfortable,0.03961192534740338
carbon,0.04703821407434646
responsive,0.04703821407434646
smooth,0.04703821407434646
frame,0.04703821407434646
riding,0.05107879738991477
