Keywword,Score
bike,3.469400860303902e-05
products,0.00015339902150509192
road,0.0001573492881091746
trek,0.00019244224146440435
similar,0.00020800258494714784
ride,0.0003025333763295445
level,0.00031477252232742974
great,0.0003405586022472312
front,0.0003681192989627576
entry,0.00037885068696778997
