Keywword,Score
bike,0.00021949707752863057
products,0.0006139918357185286
carbon,0.0006819662282015145
trek,0.0007042378577901214
similar,0.000874632654260624
road,0.0009924991540441166
seat,0.0010220225754733058
front,0.001340681009557654
ride,0.0013442275070169266
great,0.001406308051201149
