Keywword,Score
bike,0.0007828854762657858
road,0.0016611588616932188
front,0.001703488384487056
products,0.0030344676338111202
trek,0.0038375686035789372
similar,0.003842057028309946
great,0.004628404891925796
seat,0.00493909921270457
upgrade,0.0050946387314533045
tires,0.005473952605435195
