Keywword,Score
frame,0.0778911643677743
price,0.09496479485012019
good,0.09496479485012019
light,0.09496479485012019
aluminium,0.09496479485012019
build,0.14096962667925397
aestetics,0.14096962667925397
bang,0.14096962667925397
buck,0.14096962667925397
upgradability,0.14096962667925397
