Keywword,Score
bike,0.0014980253371357811
trek,0.001860325957225641
products,0.003427310189834284
ride,0.004160473641436346
great,0.004823458899978146
frame,0.00484441827082839
similar,0.005311996523026626
road,0.006074976474021199
carbon,0.006690146095528348
saddle,0.00782443290282267
