Keywword,Score
fork,0.001234695588774846
bike,0.0015103047400388508
frame,0.001513158048518825
carbon,0.001516577514061842
good,0.0015198879297988752
price,0.0016588546828052852
great,0.0016653589572769116
level,0.002098104113932455
seat,0.002257545523554841
entry,0.0024618207830597568
