Keywword,Score
carbon,0.010877301863818311
great,0.015347848950561545
fork,0.015947303892980286
price,0.01699372327697785
shimano,0.017008868503025326
components,0.01712293504535748
good,0.01712293504535748
bike,0.020312009669642632
frame,0.02096897924736272
light,0.02096897924736272
