Keywword,Score
bike,0.006794530580670494
products,0.011657995937350719
ride,0.013327903270244974
similar,0.015189270994335488
carbon,0.017750026738011387
seat,0.0190878414351096
bought,0.021572617105696905
price,0.021572617105696905
smooth,0.02343730969900184
bikes,0.02378085703234673
