Keywword,Score
riding,0.010576376469845754
bike,0.011282519067319247
ride,0.01330993629175482
trek,0.0161122447707009
ultegra,0.020619978590988873
carbon,0.02638120182392206
road,0.02638120182392206
package,0.02638120182392206
bikes,0.028206297668298116
miles,0.028983436115996623
